id;major_theme;middle_theme;detail_theme;sample_data;manager_script;recruiter_script;created_at;updated_at
bd63e262-50dc-48dc-b185-2ca17837e5e3;経営・戦略;中期経営計画;目標数値;募集人増員目標: 3名中0名達成;「増員目標の遅れは、来年度の業績に直結します。本部として、採用専門のコンサルタントを派遣し、面接代行・採用広報を強化しませんか？」;「あなたの来年の目標達成には、チームの拡大が必要です。新人トレーナーとして育成ノウハウを共有し、あなたのキャリアアップを支援させてください。」;2025-11-12 13:55:42.538602+00;2025-11-12 14:32:45.339156+00
1ba96b29-6e86-416d-af7c-9b4e4989a7be;経営・戦略;中期経営計画;組織戦略;事業承継: 5年以内の計画だが、後継者未定;「5年後の承継を見据え、後継者候補の育成を最優先課題にしましょう。本部からM&A専門部署を紹介し、選択肢を広げるための情報提供を始めませんか？」;「将来、管理職として活躍するため、部門別損益管理など経営視点の研修に参加しませんか？事業承継の有力候補として期待しています。」;2025-11-12 13:55:42.538602+00;2025-11-12 14:32:45.339156+00
07ab8b27-eee4-4eec-af1b-76b20c7bd4e7;経営・戦略;中期経営計画;組織戦略;事業承継: 計画なし;"「社長、事業承継の計画がまだ具体化されていないとのことですが、これは多くの代理店様でも共通のテーマです。まずは""現状維持リスク""を定量化してみませんか？ 例えば『経営者不在時の収益維持率』を試算するだけでも、次の一手が見えてきます。本部では、承継候補者育成・M&A・外部後継者紹介といった複数パターンの支援メニューを整備しています。来期の計画策定前に、どの選択肢が最も現実的かを一緒に検討させてください。」";"「所長の代で代理店をさらに発展させるために、次世代を意識したチームづくりが大切な時期ですね。あなたのような中堅メンバーが""次の柱""として育つことで、組織全体の信頼も高まります。経営者視点の考え方を学べる""次世代リーダー研修""を紹介しますので、将来のキャリアアップの一歩として挑戦してみませんか？」";2025-11-12 13:55:42.538602+00;2025-11-12 14:32:45.339156+00
1fb17968-690f-46bd-adda-841b1d2041a5;経営・戦略;収益性・財務;コスト構造;IT投資額: 予算達成率10%;「IT投資が進んでおらず、長期的に非効率です。クラウド型顧客管理システムの導入費用について、本部からの優遇措置を具体的にご提案させてください。」;「事務コスト削減のためにも、本部の無料ITツールをフル活用しましょう。ツールの操作方法に不安があれば、私が次回訪問時に集中的にレクチャーします。」;2025-11-12 13:55:42.538602+00;2025-11-12 14:32:45.339156+00
cdbc9935-f99b-4692-9fcb-5d2b85a75d0b;経営・戦略;収益性・財務;収益源の分散;特定の商品カテゴリーへの手数料依存度: 90%;「収益源が特定商品に偏りすぎ、市場変動リスクが高いです。損保商品への販売構成比を20%に高めるためのクロスセル専門チームを作りませんか？」;「得意なA商品だけでなく、B商品のスキルアップがあなたの将来的な収入安定につながります。B商品のお客様向けトークスクリプトの成功事例を共有します。」;2025-11-12 13:55:42.538602+00;2025-11-12 14:32:45.339156+00
688696af-153d-4e12-a097-7fe5c809bcb9;アイスブレイク;パーソナルな関心・価値観;代理店の将来像;ビジョン: 構想なし;「まだ将来ビジョンは具体化されていないとのことですが、それも柔軟な経営判断の一つだと思います。いま直近1〜2年の重点テーマを一緒に整理してみませんか？」;"「社長が""将来のビジョンはこれから考える""と話していましたが、現場としてどんな方向に進んでほしいと感じますか？」";2025-11-12 13:55:42.538602+00;2025-11-12 14:32:45.339156+00
3e5d6352-3027-4ae5-9dd8-2045aa2565b4;経営・戦略;提携・協業;紹介チャネル;不動産会社との提携: 実績ゼロ;「提携先からの紹介実績がまだありません。まずは不動産会社の経営者向けに、事業リスクに関するセミナーを共同で開催することを提案しませんか？」;「提携先への訪問で成果を出すため、紹介元の担当者へのアプローチ方法に特化したロールプレイングを実施しましょう。すぐに使える自己紹介資料も作成します。」;2025-11-12 13:55:42.538602+00;2025-11-12 14:32:45.339156+00
af057c01-962b-433d-acf5-4d2944aef164;販売・市場;販売実績分析;量的実績;新規契約件数 (前年比): 85% (対前年15%減);「新規件数が伸び悩んでいます。特に富裕層向け商品の件数が全体を押し下げています。ターゲット層を絞り直すか、大型案件獲得の戦略会議をすぐに開きませんか？」;「先月は訪問件数自体は多いですが、契約率が15%に留まっています。ニーズ喚起の質問項目を見直すロープレをしませんか？」;2025-11-12 13:55:42.538602+00;2025-11-12 14:32:45.339156+00
2da19242-4fa0-48f7-83b7-68c5c893de3d;販売・市場;販売実績分析;質的実績;平均保険料単価: 3.5万円/件(業界平均4.5万円/件);「貴社の平均単価は業界平均より1万円低いです。法人向け保険や資産形成型商品の提案に注力し、単価5万円へのステップアップ戦略を立てましょう。」;「提案の際、シンプルな商品で終わっていませんか？顧客の潜在的な不安を顕在化させるヒアリングシートを活用し、提案練習をしましょう。」;2025-11-12 13:55:42.538602+00;2025-11-12 14:32:45.339156+00
e04706fc-fdf7-4dc1-8362-eb427ca2c522;販売・市場;マーケット戦略;ターゲット設定;注力したい若年層顧客の獲得件数: 目標比20%;「若年層ターゲットの獲得が大幅に遅れています。彼らに響くSNSを活用したデジタルマーケティングを本部と共同で企画し、テスト展開しませんか？」;「若年層への提案はデジタルツールの使用が必須です。若者向けのオンライン相談ノウハウを学び、まずは月5件のオンライン商談を目指しましょう。」;2025-11-12 13:55:42.538602+00;2025-11-12 14:32:45.339156+00
515190ae-2598-44b8-84ad-186389c213e9;販売・市場;マーケット戦略;新商品推進;新商品の理解度テスト結果: 平均60点;「新商品理解度が低く、本格的な推進に移れません。新商品の重要項目だけを抽出した30分の集中オンライン研修を全募集人向けに緊急実施しませんか？」;「新商品の理解度テスト結果をフィードバックします。特に免責事項の理解が不足しています。来週までに重要箇所のみを再度確認し、疑問点を解消しましょう。」;2025-11-12 13:55:42.538602+00;2025-11-12 14:32:45.339156+00
2ce71c68-4f92-45ed-b1f4-329f274fbc5e;販売・市場;顧客管理;見込み客管理;CRM/SFA導入済みだが、利用率15%;「せっかく導入したCRMの利用率が低すぎます。利用の『メリット』を具体的に伝え、入力サポートを本部から1週間行う特別プログラムを実施しませんか？」;「あなたの見込み客管理、まだ紙ベースですか？CRMに入力すればフォロー漏れがゼロになります。次回訪問時、30分で基本的な使い方を習得しましょう。」;2025-11-12 13:55:42.538602+00;2025-11-12 14:32:45.339156+00
34bde95a-95aa-4765-a119-cfba2262d316;販売・市場;顧客管理;クロスセル機会;世帯契約率: 25% (目標40%);「世帯契約率の低さは、顧客の信頼度が高いのに提案機会を逃している証拠です。家族構成から自動で提案機会をリストアップするツールの活用を徹底しましょう。」;「世帯契約率が上がればあなたの収入も安定します。既存顧客の家族リストを一緒にチェックし、今月は5世帯への追加提案を目標にしませんか？」;2025-11-12 13:55:42.538602+00;2025-11-12 14:32:45.339156+00
d68f13cf-b93e-4cc8-a6d9-b1eb25848d84;人材・育成;採用・定着;採用パイプライン;採用チャネル: 紹介のみに依存;「紹介頼みでは採用数に限界があります。費用対効果の高いダイレクトリクルーティングを本部がサポートしますので、一緒にトライしませんか？」;「採用担当者としての負担が大きいですね。面接時の質問シートや、企業説明会用のプレゼン資料など、本部作成のツールをご提供します。」;2025-11-12 13:55:42.538602+00;2025-11-12 14:32:45.339156+00
964e1ba4-d7a7-4404-b799-e91eb149c84b;人材・育成;採用・定着;定着状況;入社1年以内の離職率: 40% (業界平均25%);「離職率40は組織の成長を阻害します。本部からベテラン社員をメンターとして派遣し、育成プロセスをゼロから見直しませんか？」;「(※管理者候補へ) あなたのチームの離職率が高い原因を一緒に分析しましょう。新人との週次面談に、モチベーション維持のための質問を組み込むことを提案します。」;2025-11-12 13:55:42.538602+00;2025-11-12 14:32:45.339156+00
5ba4acf3-2fc0-4871-b8b3-1ed804580997;人材・育成;採用・定着;新人採用;新人採用数: 半年で2名、育成課題あり;「新しい人材が2名入られたとのことですが、育成に少し課題を感じていらっしゃるのですね。代理店の文化をどう継承していくかが重要なテーマです。本部の育成支援策もご紹介します。」;"「新しい仲間が入ってきて、チームの雰囲気も変わってきましたね。教える側に回ると、自分の営業スタイルを客観的に見直すきっかけにもなります。新人に伝えたい""これだけは大事にしていること""ってありますか？それを言語化すると、チームの軸になります。またサポート体制が心配であれば一緒に考えましょう。」";2025-11-12 13:55:42.538602+00;2025-11-12 14:32:45.339156+00
015b1ac8-9a1b-48dd-83eb-722937a9f435;人材・育成;採用・定着;モチベーション・評価制度;評価制度: 形式なし／面談頻度: 月1回;"「行動評価を取り入れると、努力が可視化され、定着率が上がります。個人業績だけでなく""顧客対応""などの貢献度を反映する制度を検討しませんか？」";「最近の面談で上司からの評価に納得感ありますか？努力がきちんと見える制度があれば、安心してチャレンジできますね。」;2025-11-12 13:55:42.538602+00;2025-11-12 14:32:45.339156+00
df602104-cdb4-4380-9eeb-286d50bf2c24;人材・育成;研修・スキル;スキルレベル;苦手なセールスプロセス: クロージング (自己評価);「クロージングに苦手意識がある募集人が多いようです。反対意見を切り返すロープレを強化するため、本部で作成した『反論処理マニュアル』を導入しませんか？」;「クロージングは技術です。今月の個人目標として、『断られた理由を必ず記録する』ことを設定しましょう。その記録をもとに、次のトークを改善します。」;2025-11-12 13:55:42.538602+00;2025-11-12 14:32:45.339156+00
254bf6d9-2331-4cad-8679-a0c3ae6823cc;人材・育成;研修・スキル;研修ニーズ;資格取得支援: 支援制度自体がない;「資格取得支援がないと、募集人のスキルアップのモチベーションが維持できません。FP資格取得時の補助金制度を新設することを強く推奨します。」;「スキルアップに意欲的ですね。来月開催の税制改正に関する専門研修は、必ず参加して専門性を高めましょう。」;2025-11-12 13:55:42.538602+00;2025-11-12 14:32:45.339156+00
b2d48bc9-4fdb-4f0f-b8d2-f34fb8a73bd1;品質・事務;募集品質管理;リスク傾向;早期失効率（契約後1年以内）: 8% (目標5%以下);「早期失効率が目標を上回り、顧客からの信頼に影響が出ています。『意向把握・確認の記録』を最重要項目とし、本部で全件チェックを行う体制を敷いて再発防止を徹底しませんか？」;「契約手続きの際、『重要事項の説明』後に必ずお客様からの質問を一つ以上引き出すことをルール化しましょう。そのための具体的な質問リストを一緒に作成します。」;2025-11-12 13:55:42.538602+00;2025-11-12 14:32:45.339156+00
22d0b270-5513-4721-82dc-d1f7c12ec0e4;品質・事務;募集品質管理;リスク傾向;苦情件数: 年3件／対応マニュアル: なし;"「苦情対応を""信頼回復の機会""に変える体制を整えましょう。定型報告で終わらせず、再発防止と改善共有の仕組みを導入しませんか？」";「お客様からのご意見は改善のヒントです。過去の対応をチームで共有して、次に活かす工夫を一緒に考えましょう。」;2025-11-12 13:55:42.538602+00;2025-11-12 14:32:45.339156+00
a923b8d4-0dfb-4809-aac5-d1314eacc999;品質・事務;募集品質管理;監査・指導;本部監査の指摘事項: 意向把握シートの記入漏れ;「監査指摘事項の改善計画の進捗が遅れています。記入漏れゼロを達成するため、手続き完了前のWチェック体制を社内で構築しませんか？」;「意向把握シートの記入漏れが継続しています。提出前に必ずセルフチェックできるよう、チェック項目を赤字でマーカーした見本を渡しますので徹底してください。」;2025-11-12 13:55:42.538602+00;2025-11-12 14:32:45.339156+00
9eee29ca-638f-4283-84ca-d8fba558dc6f;品質・事務;事務・IT効率;デジタル化;ペーパーレス手続き利用率: 20% (目標80%);「ペーパーレス化が進まないことで、事務コストが増大しています。電子署名利用のためのインセンティブや、手続き支援専門の担当者を置くことを検討しませんか？」;「まだ紙での手続きが多いですが、平均で1.5時間の事務作業を節約できますよ。次回同行時に私が行いますので、一緒に慣れていきましょう。」;2025-11-12 13:55:42.538602+00;2025-11-12 14:32:45.339156+00
19abcd47-8de0-4083-aba1-a67102b2672f;品質・事務;事務・IT効率;事務負荷;不備書類の発生頻度: 月10件;「不備書類の発生は、本部の事務作業を滞らせるだけでなく、お客様の信頼を損ねます。不備発生率0を目指し、最も発生しやすいミスの傾向を一緒に分析しましょう。」;「先月の不備書類のほとんどは本人確認書類の漏れでした。申込手続きの最後に、『本人確認書類の最終チェック』を組み込むことを徹底してください。」;2025-11-12 13:55:42.538602+00;2025-11-12 14:32:45.339156+00
8ed9463e-0bcd-4086-982a-d87b304b995d;関係性・要望;本部への評価;支援満足度;代理店営業社員のサポート満足度: 70%;「私のサポート満足度が70%に留まっているのは、私の努力不足です。具体的にどの点で不満があるか、率直にお聞かせください。すぐに改善します。」;「本部提供の資料で、『法人向けパンフレット』のレイアウトが分かりづらいとのご意見をいただきました。来月、現場の声を取り入れた改訂版を準備します。」;2025-11-12 13:55:42.538602+00;2025-11-12 14:32:45.339156+00
782b7d03-b589-4a75-9ecb-1d7668e7bd00;アイスブレイク;パーソナルな関心・価値観;代理店の将来像;ビジョン: 10年後の代理店像を構想中;「10年後の代理店像を描かれているとのこと、素晴らしいですね。組織としての方向性を共有できれば、社員の行動も一層そろっていくと思います。」;"「社長が""10年後の代理店像""を話していたのを聞いてどう感じましたか？ご自身がその中でどんな役割を果たしたいと思いますか？」";2025-11-12 13:55:42.538602+00;2025-11-12 14:32:45.339156+00
971d9032-1752-4fef-843c-da2d17143f3c;関係性・要望;本部への評価;改善提案;経営者からのシステムに関する要望: フィードバックなし;「システムに関するフィードバックがありませんが、困っていることはありませんか？システム改善の本部会議が来月ありますので、社長の要望をぜひ反映させてください。」;「現場で使っていて不便なシステムはありませんか？小さなことでも構いません。あなたの意見が全社のシステム改善につながります。ぜひ聞かせてください。」;2025-11-12 13:55:42.538602+00;2025-11-12 14:32:45.339156+00
c58a6725-5e48-4196-b6b2-dc65eca40c59;関係性・要望;人的要因;経営者の姿勢;経営者の性格: 慎重派;「大きなリスクは避けるべきですが、このIT投資は費用対効果が明確に出ています。初期導入の費用リスクを最小限に抑えるプランを検討しませんか。」;「所長は慎重ですが、小さな成功体験を積み上げれば必ず動きます。まずは2週間で達成可能なトライアル企画を提案しませんか。」;2025-11-12 13:55:42.538602+00;2025-11-12 14:32:45.339156+00
c458b4d1-7a11-48a9-bab7-8964341131ee;アイスブレイク;経営者・組織内話題;経営者近況;趣味: ゴルフ;「社長、最近もゴルフを続けていらっしゃるんですね。経営者同士の交流の場としても良い刺激が多いのではないでしょうか。お客様との関係構築にもつながりそうですね。」;「社長もゴルフを続けているそうですね。営業も似ていて、ひとつひとつのショットを丁寧に積み重ねることが成果につながります。ゴルフの話をお客様とするだけで、自然に会話が広がることも多いので、もし興味があるなら話題に取り入れてみても良いかもしれません。」;2025-11-12 13:55:42.538602+00;2025-11-12 14:32:45.339156+00
7e1d5edf-2fd8-4154-aff5-641966c7f39e;アイスブレイク;経営者・組織関連;経営者近況;近況: 家族旅行計画中;「ご家族での旅行を計画されているとのこと、素晴らしいですね。経営の節目に少し距離を取ることで、新しい発想が生まれることも多いです。リフレッシュの機会としても良いですね。」;「社長がご家族旅行を計画されているそうです。しっかり休まれる姿勢って大事ですよね。私たちも仕事に集中するためには、休む時間をどう作るかが大切だと思います。最近、ご自身のリフレッシュの時間は取れていますか？」;2025-11-12 13:55:42.538602+00;2025-11-12 14:32:45.339156+00
18e76183-fcfc-4864-943f-028d8267f1c4;アイスブレイク;経営者・組織関連;組織文化・雰囲気;若手比率: 30%;「若手比率が3割を超え、組織に勢いが出てきましたね。世代交代の流れの中で、ベテランとの協働をどう設計していくかが次の経営課題になりそうです。若手提案会のような仕組みも面白いかもしれません。」;"「若手の比率が3割を超えてきて、代理店もだいぶ活気がありますね。世代が違うからこそ学べることも多いと思います。例えば若手の意見を聞いて""なるほど""と思ったことや、自分が若手に伝えたい経験ってありますか？」";2025-11-12 13:55:42.538602+00;2025-11-12 14:32:45.339156+00
b677a5f1-4995-48c0-9b51-aae1a205750f;アイスブレイク;経営者・組織関連;社内イベント;社内旅行: なし;「社内旅行は最近実施されていないとのことですが、少人数でも交流の場をつくると一体感が生まれやすくなります。簡単なランチ会やオンライン懇親会なども効果的ですよ。」;"「最近は社内旅行がなくなっているようですね。少人数でも""気軽に話せる時間""があると、チームの雰囲気がすごく変わります。もし機会があれば、ちょっとしたランチ会や勉強会を自分たちで企画してみるのも面白いかもしれませんね。」";2025-11-12 13:55:42.538602+00;2025-11-12 14:32:45.339156+00
9d12be90-cc02-451b-b752-2408c018dff5;アイスブレイク;地域・業界ネットワーク;地域社会との接点;イベント参加: 商工会・地元イベント（毎月）;「毎月の商工会や地元イベントへの参加を継続されているのは素晴らしいですね。地域とのつながりが強いほど紹介機会も自然に増えます。今後、法人開拓にどんな形で活かしていかれますか？」;「社長が地元の商工会に毎月参加されているそうですね。地域の中で代理店がどう見られていると感じますか？そうしたつながりの中で、お客様との距離の縮まり方に変化はありますか？」;2025-11-12 13:55:42.538602+00;2025-11-12 14:32:45.339156+00
db79fded-c087-4c7d-8af3-682fc4545b31;アイスブレイク;地域・業界ネットワーク;他業種・金融機関連携;イベント参加: 異業種交流会（参加企業15社）;「異業種交流会には15社も参加されているんですね。業界を越えたつながりが、法人マーケット拡大のきっかけになりそうです。最近の交流で印象に残った業種やテーマはありますか？」;「社長が異業種交流会に参加されていると伺いました。現場としては、他業界との接点が増えることで、新しい提案のヒントやお客様へのアプローチの仕方に変化を感じますか？」;2025-11-12 13:55:42.538602+00;2025-11-12 14:32:45.339156+00
2d8a134e-8726-420d-8728-6ad670ac6fa6;アイスブレイク;地域・業界ネットワーク;業界ニュース共有;法改正・他社動向トピック: 月1件;「毎月、法改正や他社動向をチェックされているのですね。経営判断に生かすスピード感が素晴らしいです。最近のニュースで特に印象に残っているトピックはありますか？法改正についてはスピード感を持って対応することで優位に立てます」;"「社長が業界ニュースを定期的に共有されているそうですね。実際、現場で""その情報が役に立った""と感じることはありますか？ニュースをどう活用しているか、教えてください。」";2025-11-12 13:55:42.538602+00;2025-11-12 14:32:45.339156+00
d752d518-bd7c-460e-8901-488840348ed7;アイスブレイク;パーソナルな関心・価値観;趣味・スポーツ;趣味: ゴルフ・野球・マラソン;「社長はゴルフやマラソンなど、アクティブな趣味をお持ちですね。体を動かす時間が経営のリズムを整えるのにも良い影響を与えているのではないでしょうか。」;;2025-11-12 13:55:42.538602+00;2025-11-12 14:32:45.339156+00
bb0e7028-504e-48d5-adbb-45ee62cadf42;アイスブレイク;パーソナルな関心・価値観;家族・ライフイベント;お子様: 高校・大学在学中;「お子様がちょうど進学の時期とのこと、おめでとうございます。ライフイベントを通じて、教育費や保障設計の見直しを考えるお客様も多いです。自社のお客様にも提案のヒントになりそうですね。」;;2025-11-12 13:55:42.538602+00;2025-11-12 14:32:45.339156+00
0fdf206b-d69a-4599-b18c-00ca063639b1;アイスブレイク;パーソナルな関心・価値観;経営哲学;経営理念: 顧客第一・長期志向;"「""顧客第一""を理念として長期的視点で経営されている点、まさに地域密着代理店の理想像です。その考えが組織文化として根付いていますね。」";"「社長が""顧客第一""を大事にしているとおっしゃっていましたが、その姿勢を現場でどう感じますか？日々の対応で意識していることはありますか？」";2025-11-12 13:55:42.538602+00;2025-11-12 14:32:45.339156+00
f248b4a8-f86a-47c9-9453-ab75f6af3f05;アイスブレイク;パーソナルな関心・価値観;業界展望;N/A;「今後の保険業界をどのように見ていらっしゃいますか？社長のお考えを伺うことで、次の戦略立案にも役立てたいです。」;"「社長が""これからの業界はこう変わる""と話していましたが、実際に現場でそれを感じる瞬間はありますか？」";2025-11-12 13:55:42.538602+00;2025-11-12 14:32:45.339156+00
670d4d6a-75b3-41a4-84dd-d717838d290b;アイスブレイク;汎用トピック・共通話題;季節・行事;季節・行事: 夏祭り;「地元の夏祭り、今年も盛り上がっているようですね。地域イベントを通じて顧客接点を作る工夫など、面白いアイデアがあれば伺いたいです。」;「社長が夏祭りに顔を出されたそうですね。お客様や地域の方と話す機会、ありましたか？現場の雰囲気ってどんな感じでした？」;2025-11-12 13:55:42.538602+00;2025-11-12 14:32:45.339156+00
730aa3a0-c7fa-42a3-bf44-e00be87acb7d;アイスブレイク;汎用トピック・共通話題;季節・行事;季節・行事: 年末繁忙期;「年末はお忙しい時期かと思いますが、今年の成果を整理して来年につなげるいいタイミングですね。短時間で振り返りができる仕組みを一緒に考えませんか？」;「年末に向けて忙しくなってきましたね。社長も現場を気にかけてくださっているようです。今の時期、特に意識して取り組んでいることはありますか？」;2025-11-12 13:55:42.538602+00;2025-11-12 14:32:45.339156+00
e61458f3-53e5-4ec2-adf2-6f770d0b553a;アイスブレイク;汎用トピック・共通話題;共通の知人・イベント;共通関係者: 支社長・地域会員;「先日、支社長や地域会の方とお話ししましたが、皆さん社長の代理店運営を高く評価されていました。ネットワークをさらに活かせそうですね。」;「支社長や地域の方々と社長が交流されているそうですね。そのネットワークが営業活動にどう影響していると感じますか？」;2025-11-12 13:55:42.538602+00;2025-11-12 14:32:45.339156+00
592f5403-4469-4630-8d6a-f4e353bdd270;アイスブレイク;汎用トピック・共通話題;業界誌・トレンド;業界誌購読: 月1冊;「業界誌を継続的にチェックされているのはさすがです。情報収集が早いと、他代理店より先に動ける強みになりますね。気になる特集などありましたか？」;"「社長が読んでいる業界誌、話題になっていましたね。印象に残った記事や、現場でも""これ使えそう""と思った内容はありましたか？」";2025-11-12 13:55:42.538602+00;2025-11-12 14:32:45.339156+00
3e999d64-9bca-414d-90fc-fcf393558455;アイスブレイク;汎用トピック・共通話題;時事テーマ;関心テーマ: AI・DX・次世代営業;「AIやDXに関心をお持ちとのこと、経営に先見性を感じます。まずはどの業務からデジタル化の効果を実感できそうか、一緒に洗い出してみませんか？」;"「社長がAIやDXに興味を持たれていると聞きました。実際、現場で""こういうツールがあれば便利なのに""と思うことはありますか？」";2025-11-12 13:55:42.538602+00;2025-11-12 14:32:45.339156+00